NAICS2017,NAICS2017_LABEL,SEX_LABEL,ETH_GROUP_LABEL,RACE_GROUP_LABEL,FIRMPDEMP,RCPPDEMP
113,Forestry and logging,Total,Total,Total,"8,854","11,933,294"
113,Forestry and logging,Female,Total,Total,522,"492,124"
113,Forestry and logging,Male,Total,Total,"6,398","9,172,535"
113,Forestry and logging,Total,Hispanic,Total,48,"22,327"
113,Forestry and logging,Total,Equally Hispanic/non-Hispanic,Total,S,S
113,Forestry and logging,Total,Non-Hispanic,Total,"8,650","11,488,092"
113,Forestry and logging,Total,Total,White,"8,532","11,319,417"
113,Forestry and logging,Total,Total,Black or African American,86,"83,732"
113,Forestry and logging,Total,Total,American Indian and Alaska Native,101,"108,447"
113,Forestry and logging,Total,Total,Asian,S,S
113,Forestry and logging,Classifiable,Classifiable,Classifiable,"8,718","11,522,125"
113,Forestry and logging,Unclassifiable,Unclassifiable,Unclassifiable,136,"411,169"
114,"Fishing, hunting and trapping",Total,Total,Total,"3,026","2,435,886"
114,"Fishing, hunting and trapping",Female,Total,Total,148,"131,073"
114,"Fishing, hunting and trapping",Male,Total,Total,"1,944","1,110,555"
114,"Fishing, hunting and trapping",Total,Hispanic,Total,82,"18,352"
114,"Fishing, hunting and trapping",Total,Equally Hispanic/non-Hispanic,Total,S,S
114,"Fishing, hunting and trapping",Total,Non-Hispanic,Total,"2,835","1,612,584"
114,"Fishing, hunting and trapping",Total,Total,White,"2,791","1,530,321"
114,"Fishing, hunting and trapping",Total,Total,Black or African American,S,S
114,"Fishing, hunting and trapping",Total,Total,American Indian and Alaska Native,58,"24,392"
114,"Fishing, hunting and trapping",Total,Total,Asian,89,"82,145"
114,"Fishing, hunting and trapping",Total,Total,Native Hawaiian and Other Pacific Islander,5,"1,364"
114,"Fishing, hunting and trapping",Classifiable,Classifiable,Classifiable,"2,919","1,633,095"
114,"Fishing, hunting and trapping",Unclassifiable,Unclassifiable,Unclassifiable,S,S
115,Support activities for agriculture and forestry,Total,Total,Total,"16,688","26,759,447"
115,Support activities for agriculture and forestry,Female,Total,Total,"2,740","1,712,475"
115,Support activities for agriculture and forestry,Male,Total,Total,"8,982","16,335,752"
115,Support activities for agriculture and forestry,Total,Hispanic,Total,"1,232","2,603,344"
115,Support activities for agriculture and forestry,Total,Equally Hispanic/non-Hispanic,Total,98,"166,018"
115,Support activities for agriculture and forestry,Total,Non-Hispanic,Total,"14,547","19,204,626"
115,Support activities for agriculture and forestry,Total,Total,White,"15,677","21,420,587"
115,Support activities for agriculture and forestry,Total,Total,Black or African American,S,S
115,Support activities for agriculture and forestry,Total,Total,American Indian and Alaska Native,72,"69,385"
115,Support activities for agriculture and forestry,Total,Total,Asian,S,S
115,Support activities for agriculture and forestry,Total,Total,Native Hawaiian and Other Pacific Islander,S,S
115,Support activities for agriculture and forestry,Classifiable,Classifiable,Classifiable,"15,877","21,973,988"
115,Support activities for agriculture and forestry,Unclassifiable,Unclassifiable,Unclassifiable,810,"4,785,459"
211,Oil and gas extraction,Total,Total,Total,"5,268","230,674,235"
211,Oil and gas extraction,Female,Total,Total,697,"3,623,956"
211,Oil and gas extraction,Male,Total,Total,"3,051","23,225,018"
211,Oil and gas extraction,Total,Hispanic,Total,21,"52,193"
211,Oil and gas extraction,Total,Equally Hispanic/non-Hispanic,Total,17,"39,682"
211,Oil and gas extraction,Total,Non-Hispanic,Total,"4,605","28,124,523"
211,Oil and gas extraction,Total,Total,White,"4,584","28,065,254"
211,Oil and gas extraction,Total,Total,Black or African American,S,S
211,Oil and gas extraction,Total,Total,American Indian and Alaska Native,32,"24,725"
211,Oil and gas extraction,Total,Total,Asian,22,"82,503"
211,Oil and gas extraction,Total,Total,Native Hawaiian and Other Pacific Islander,S,S
211,Oil and gas extraction,Classifiable,Classifiable,Classifiable,"4,644","28,216,397"
211,Oil and gas extraction,Unclassifiable,Unclassifiable,Unclassifiable,624,"202,457,838"
212,Mining (except oil and gas),Total,Total,Total,"3,403","83,604,310"
212,Mining (except oil and gas),Female,Total,Total,329,"950,725"
212,Mining (except oil and gas),Male,Total,Total,"2,172","18,579,859"
212,Mining (except oil and gas),Total,Hispanic,Total,23,"110,371"
212,Mining (except oil and gas),Total,Equally Hispanic/non-Hispanic,Total,13,"35,453"
212,Mining (except oil and gas),Total,Non-Hispanic,Total,"2,874","20,737,358"
212,Mining (except oil and gas),Total,Total,White,"2,866","20,740,973"
212,Mining (except oil and gas),Total,Total,Black or African American,S,S
212,Mining (except oil and gas),Total,Total,American Indian and Alaska Native,22,"82,937"
212,Mining (except oil and gas),Total,Total,Asian,S,S
212,Mining (except oil and gas),Total,Total,Native Hawaiian and Other Pacific Islander,S,S
212,Mining (except oil and gas),Classifiable,Classifiable,Classifiable,"2,910","20,883,181"
212,Mining (except oil and gas),Unclassifiable,Unclassifiable,Unclassifiable,494,"62,721,128"
213,Support activities for mining,Total,Total,Total,"10,847","88,237,914"
213,Support activities for mining,Female,Total,Total,922,"2,325,281"
213,Support activities for mining,Male,Total,Total,"7,377","21,743,310"
213,Support activities for mining,Total,Hispanic,Total,503,"747,894"
213,Support activities for mining,Total,Equally Hispanic/non-Hispanic,Total,190,"413,900"
213,Support activities for mining,Total,Non-Hispanic,Total,"9,508","27,414,752"
213,Support activities for mining,Total,Total,White,"10,059","28,341,910"
213,Support activities for mining,Total,Total,Black or African American,13,"5,670"
213,Support activities for mining,Total,Total,American Indian and Alaska Native,62,"144,834"
213,Support activities for mining,Total,Total,Asian,74,"146,423"
213,Support activities for mining,Total,Total,Native Hawaiian and Other Pacific Islander,S,S
213,Support activities for mining,Classifiable,Classifiable,Classifiable,"10,201","28,576,546"
213,Support activities for mining,Unclassifiable,Unclassifiable,Unclassifiable,646,"59,661,368"
221,Utilities,Total,Total,Total,"6,088","570,958,244"
221,Utilities,Female,Total,Total,340,"952,673"
221,Utilities,Male,Total,Total,"1,950","48,886,998"
221,Utilities,Total,Hispanic,Total,101,"128,184"
221,Utilities,Total,Equally Hispanic/non-Hispanic,Total,6,"108,403"
221,Utilities,Total,Non-Hispanic,Total,"2,502","49,963,222"
221,Utilities,Total,Total,White,"2,542","49,807,685"
221,Utilities,Total,Total,Black or African American,18,"84,824"
221,Utilities,Total,Total,American Indian and Alaska Native,15,"267,008"
221,Utilities,Total,Total,Asian,56,"72,882"
221,Utilities,Total,Total,Native Hawaiian and Other Pacific Islander,5,293
221,Utilities,Classifiable,Classifiable,Classifiable,"2,609","50,199,810"
221,Utilities,Unclassifiable,Unclassifiable,Unclassifiable,"3,479","520,758,434"
236,Construction of buildings,Total,Total,Total,"213,055","787,979,160"
236,Construction of buildings,Female,Total,Total,"14,532","32,336,266"
236,Construction of buildings,Male,Total,Total,"166,608","502,135,852"
236,Construction of buildings,Total,Hispanic,Total,"11,878","18,485,467"
236,Construction of buildings,Total,Equally Hispanic/non-Hispanic,Total,"1,783","3,487,871"
236,Construction of buildings,Total,Non-Hispanic,Total,"197,425","556,251,359"
236,Construction of buildings,Total,Total,White,"201,886","562,806,461"
236,Construction of buildings,Total,Total,Black or African American,"2,474","4,076,702"
236,Construction of buildings,Total,Total,American Indian and Alaska Native,"1,235","2,421,438"
236,Construction of buildings,Total,Total,Asian,"6,227","9,376,889"
236,Construction of buildings,Total,Total,Native Hawaiian and Other Pacific Islander,312,"569,908"
236,Construction of buildings,Classifiable,Classifiable,Classifiable,"211,087","578,224,697"
236,Construction of buildings,Unclassifiable,Unclassifiable,Unclassifiable,"1,968","209,754,463"
237,Heavy and civil engineering construction,Total,Total,Total,"35,519","299,635,272"
237,Heavy and civil engineering construction,Female,Total,Total,"4,177","18,613,944"
237,Heavy and civil engineering construction,Male,Total,Total,"25,281","159,142,561"
237,Heavy and civil engineering construction,Total,Hispanic,Total,"1,650","5,673,101"
237,Heavy and civil engineering construction,Total,Equally Hispanic/non-Hispanic,Total,146,"491,238"
237,Heavy and civil engineering construction,Total,Non-Hispanic,Total,"32,321","181,412,906"
237,Heavy and civil engineering construction,Total,Total,White,"33,109","183,991,330"
237,Heavy and civil engineering construction,Total,Total,Black or African American,308,"951,727"
237,Heavy and civil engineering construction,Total,Total,American Indian and Alaska Native,287,"1,398,249"
237,Heavy and civil engineering construction,Total,Total,Asian,533,"1,642,755"
237,Heavy and civil engineering construction,Total,Total,Native Hawaiian and Other Pacific Islander,38,"192,637"
237,Heavy and civil engineering construction,Classifiable,Classifiable,Classifiable,"34,117","187,577,245"
237,Heavy and civil engineering construction,Unclassifiable,Unclassifiable,Unclassifiable,"1,401","112,058,027"
238,Specialty trade contractors,Total,Total,Total,"458,022","884,039,860"
238,Specialty trade contractors,Female,Total,Total,"40,858","74,140,496"
238,Specialty trade contractors,Male,Total,Total,"350,629","631,710,300"
238,Specialty trade contractors,Total,Hispanic,Total,"36,606","39,177,582"
238,Specialty trade contractors,Total,Equally Hispanic/non-Hispanic,Total,"4,195","6,331,026"
238,Specialty trade contractors,Total,Non-Hispanic,Total,"414,495","733,125,483"
238,Specialty trade contractors,Total,Total,White,"440,964","759,282,816"
238,Specialty trade contractors,Total,Total,Black or African American,"5,438","6,033,605"
238,Specialty trade contractors,Total,Total,American Indian and Alaska Native,"3,299","4,275,458"
238,Specialty trade contractors,Total,Total,Asian,"7,399","10,140,558"
238,Specialty trade contractors,Total,Total,Native Hawaiian and Other Pacific Islander,744,"755,185"
238,Specialty trade contractors,Classifiable,Classifiable,Classifiable,"455,297","778,634,092"
238,Specialty trade contractors,Unclassifiable,Unclassifiable,Unclassifiable,"2,725","105,405,769"
311,Food manufacturing,Total,Total,Total,"23,583","823,660,016"
311,Food manufacturing,Female,Total,Total,"5,461","27,634,450"
311,Food manufacturing,Male,Total,Total,"12,029","194,918,387"
311,Food manufacturing,Total,Hispanic,Total,"2,022","8,165,567"
311,Food manufacturing,Total,Equally Hispanic/non-Hispanic,Total,179,"196,348"
311,Food manufacturing,Total,Non-Hispanic,Total,"20,050","230,190,358"
311,Food manufacturing,Total,Total,White,"19,946","229,435,959"
311,Food manufacturing,Total,Total,Black or African American,293,"956,364"
311,Food manufacturing,Total,Total,American Indian and Alaska Native,51,"242,247"
311,Food manufacturing,Total,Total,Asian,"1,901","7,887,339"
311,Food manufacturing,Total,Total,Native Hawaiian and Other Pacific Islander,34,"655,565"
311,Food manufacturing,Classifiable,Classifiable,Classifiable,"22,252","238,552,273"
311,Food manufacturing,Unclassifiable,Unclassifiable,Unclassifiable,"1,331","585,107,743"
312,Beverage and tobacco product manufacturing,Total,Total,Total,"8,529","151,841,989"
312,Beverage and tobacco product manufacturing,Female,Total,Total,675,"2,367,320"
312,Beverage and tobacco product manufacturing,Male,Total,Total,"5,596","23,649,260"
312,Beverage and tobacco product manufacturing,Total,Hispanic,Total,176,"981,340"
312,Beverage and tobacco product manufacturing,Total,Equally Hispanic/non-Hispanic,Total,91,"80,967"
312,Beverage and tobacco product manufacturing,Total,Non-Hispanic,Total,"7,905","28,151,385"
312,Beverage and tobacco product manufacturing,Total,Total,White,"7,946","28,677,474"
312,Beverage and tobacco product manufacturing,Total,Total,Black or African American,S,S
312,Beverage and tobacco product manufacturing,Total,Total,American Indian and Alaska Native,29,"262,310"
312,Beverage and tobacco product manufacturing,Total,Total,Asian,151,"357,326"
312,Beverage and tobacco product manufacturing,Total,Total,Native Hawaiian and Other Pacific Islander,6,"12,547"
312,Beverage and tobacco product manufacturing,Classifiable,Classifiable,Classifiable,"8,171","29,213,691"
312,Beverage and tobacco product manufacturing,Unclassifiable,Unclassifiable,Unclassifiable,357,"122,628,298"
313,Textile mills,Total,Total,Total,"1,804","28,477,053"
313,Textile mills,Female,Total,Total,362,"1,682,661"
313,Textile mills,Male,Total,Total,993,"10,466,824"
313,Textile mills,Total,Hispanic,Total,103,"191,731"
313,Textile mills,Total,Equally Hispanic/non-Hispanic,Total,3,"1,442"
313,Textile mills,Total,Non-Hispanic,Total,"1,477","12,802,825"
313,Textile mills,Total,Total,White,"1,455","12,423,802"
313,Textile mills,Total,Total,Black or African American,10,"32,116"
313,Textile mills,Total,Total,American Indian and Alaska Native,S,S
313,Textile mills,Total,Total,Asian,105,"515,882"
313,Textile mills,Total,Total,Native Hawaiian and Other Pacific Islander,S,S
313,Textile mills,Classifiable,Classifiable,Classifiable,"1,583","12,995,999"
313,Textile mills,Unclassifiable,Unclassifiable,Unclassifiable,221,"15,481,054"
314,Textile product mills,Total,Total,Total,"5,624","22,963,098"
314,Textile product mills,Female,Total,Total,"1,615","1,637,061"
314,Textile product mills,Male,Total,Total,"2,889","10,704,630"
314,Textile product mills,Total,Hispanic,Total,317,"252,391"
314,Textile product mills,Total,Equally Hispanic/non-Hispanic,Total,S,S
314,Textile product mills,Total,Non-Hispanic,Total,"5,128","13,848,225"
314,Textile product mills,Total,Total,White,"5,153","13,892,925"
314,Textile product mills,Total,Total,Black or African American,S,S
314,Textile product mills,Total,Total,American Indian and Alaska Native,27,"20,305"
314,Textile product mills,Total,Total,Asian,285,"211,793"
314,Textile product mills,Total,Total,Native Hawaiian and Other Pacific Islander,S,S
314,Textile product mills,Classifiable,Classifiable,Classifiable,"5,496","14,146,623"
314,Textile product mills,Unclassifiable,Unclassifiable,Unclassifiable,128,"8,816,475"
315,Apparel manufacturing,Total,Total,Total,"5,636","11,166,889"
315,Apparel manufacturing,Female,Total,Total,"2,198","2,187,447"
315,Apparel manufacturing,Male,Total,Total,"2,619","5,622,329"
315,Apparel manufacturing,Total,Hispanic,Total,665,"275,027"
315,Apparel manufacturing,Total,Equally Hispanic/non-Hispanic,Total,126,"83,724"
315,Apparel manufacturing,Total,Non-Hispanic,Total,"4,721","8,611,872"
315,Apparel manufacturing,Total,Total,White,"3,709","6,384,950"
315,Apparel manufacturing,Total,Total,Black or African American,48,"9,855"
315,Apparel manufacturing,Total,Total,American Indian and Alaska Native,S,S
315,Apparel manufacturing,Total,Total,Asian,"1,741","2,552,696"
315,Apparel manufacturing,Total,Total,Native Hawaiian and Other Pacific Islander,S,S
315,Apparel manufacturing,Classifiable,Classifiable,Classifiable,"5,512","8,970,622"
315,Apparel manufacturing,Unclassifiable,Unclassifiable,Unclassifiable,124,"2,196,267"
316,Leather and allied product manufacturing,Total,Total,Total,"1,174","4,854,145"
316,Leather and allied product manufacturing,Female,Total,Total,210,"229,506"
316,Leather and allied product manufacturing,Male,Total,Total,682,"2,293,339"
316,Leather and allied product manufacturing,Total,Hispanic,Total,37,"35,818"
316,Leather and allied product manufacturing,Total,Equally Hispanic/non-Hispanic,Total,16,"15,253"
316,Leather and allied product manufacturing,Total,Non-Hispanic,Total,"1,076","2,829,945"
316,Leather and allied product manufacturing,Total,Total,White,"1,083","2,818,673"
316,Leather and allied product manufacturing,Total,Total,Black or African American,5,"7,312"
316,Leather and allied product manufacturing,Total,Total,American Indian and Alaska Native,7,"3,457"
316,Leather and allied product manufacturing,Total,Total,Asian,36,"52,247"
316,Leather and allied product manufacturing,Classifiable,Classifiable,Classifiable,"1,129","2,881,015"
316,Leather and allied product manufacturing,Unclassifiable,Unclassifiable,Unclassifiable,45,"1,973,129"
321,Wood product manufacturing,Total,Total,Total,"12,742","106,404,346"
321,Wood product manufacturing,Female,Total,Total,"1,010","4,260,974"
321,Wood product manufacturing,Male,Total,Total,"9,206","43,337,343"
321,Wood product manufacturing,Total,Hispanic,Total,573,"782,765"
321,Wood product manufacturing,Total,Equally Hispanic/non-Hispanic,Total,83,"298,789"
321,Wood product manufacturing,Total,Non-Hispanic,Total,"11,609","51,841,346"
321,Wood product manufacturing,Total,Total,White,"11,986","52,272,166"
321,Wood product manufacturing,Total,Total,Black or African American,S,S
321,Wood product manufacturing,Total,Total,American Indian and Alaska Native,144,"128,113"
321,Wood product manufacturing,Total,Total,Asian,175,"463,491"
321,Wood product manufacturing,Total,Total,Native Hawaiian and Other Pacific Islander,11,"4,781"
321,Wood product manufacturing,Classifiable,Classifiable,Classifiable,"12,264","52,922,899"
321,Wood product manufacturing,Unclassifiable,Unclassifiable,Unclassifiable,478,"53,481,448"
322,Paper manufacturing,Total,Total,Total,"2,594","189,117,555"
322,Paper manufacturing,Female,Total,Total,366,"3,292,341"
322,Paper manufacturing,Male,Total,Total,"1,660","32,336,262"
322,Paper manufacturing,Total,Hispanic,Total,69,"477,237"
322,Paper manufacturing,Total,Equally Hispanic/non-Hispanic,Total,S,S
322,Paper manufacturing,Total,Non-Hispanic,Total,"2,170","36,633,506"
322,Paper manufacturing,Total,Total,White,"2,136","34,566,635"
322,Paper manufacturing,Total,Total,Black or African American,S,S
322,Paper manufacturing,Total,Total,American Indian and Alaska Native,5,"32,856"
322,Paper manufacturing,Total,Total,Asian,54,"415,953"
322,Paper manufacturing,Total,Total,Native Hawaiian and Other Pacific Islander,S,S
322,Paper manufacturing,Classifiable,Classifiable,Classifiable,"2,241","37,111,462"
322,Paper manufacturing,Unclassifiable,Unclassifiable,Unclassifiable,354,"152,006,093"
323,Printing and related support activities,Total,Total,Total,"23,956","82,270,950"
323,Printing and related support activities,Female,Total,Total,"4,743","6,409,107"
323,Printing and related support activities,Male,Total,Total,"14,656","36,193,798"
323,Printing and related support activities,Total,Hispanic,Total,924,"1,049,019"
323,Printing and related support activities,Total,Equally Hispanic/non-Hispanic,Total,213,"197,114"
323,Printing and related support activities,Total,Non-Hispanic,Total,"22,328","45,723,506"
323,Printing and related support activities,Total,Total,White,"22,080","45,329,647"
323,Printing and related support activities,Total,Total,Black or African American,216,"158,537"
323,Printing and related support activities,Total,Total,American Indian and Alaska Native,94,"88,390"
323,Printing and related support activities,Total,Total,Asian,"1,021","1,401,410"
323,Printing and related support activities,Total,Total,Native Hawaiian and Other Pacific Islander,S,S
323,Printing and related support activities,Classifiable,Classifiable,Classifiable,"23,464","46,969,639"
323,Printing and related support activities,Unclassifiable,Unclassifiable,Unclassifiable,492,"35,301,311"
324,Petroleum and coal products manufacturing,Total,Total,Total,989,"553,800,118"
324,Petroleum and coal products manufacturing,Female,Total,Total,103,"1,761,822"
324,Petroleum and coal products manufacturing,Male,Total,Total,616,"18,703,267"
324,Petroleum and coal products manufacturing,Total,Hispanic,Total,6,"35,592"
324,Petroleum and coal products manufacturing,Total,Non-Hispanic,Total,773,"21,263,227"
324,Petroleum and coal products manufacturing,Total,Total,White,766,"21,160,011"
324,Petroleum and coal products manufacturing,Total,Total,Black or African American,S,S
324,Petroleum and coal products manufacturing,Total,Total,American Indian and Alaska Native,S,S
324,Petroleum and coal products manufacturing,Total,Total,Asian,15,"126,130"
324,Petroleum and coal products manufacturing,Total,Total,Native Hawaiian and Other Pacific Islander,S,S
324,Petroleum and coal products manufacturing,Classifiable,Classifiable,Classifiable,779,"21,298,819"
324,Petroleum and coal products manufacturing,Unclassifiable,Unclassifiable,Unclassifiable,209,"532,501,299"
325,Chemical manufacturing,Total,Total,Total,"9,832","720,352,188"
325,Chemical manufacturing,Female,Total,Total,"1,375","10,453,386"
325,Chemical manufacturing,Male,Total,Total,"5,736","80,228,967"
325,Chemical manufacturing,Total,Hispanic,Total,221,"1,174,837"
325,Chemical manufacturing,Total,Equally Hispanic/non-Hispanic,Total,S,S
325,Chemical manufacturing,Total,Non-Hispanic,Total,"7,923","96,903,734"
325,Chemical manufacturing,Total,Total,White,"7,517","92,849,936"
325,Chemical manufacturing,Total,Total,Black or African American,85,"380,809"
325,Chemical manufacturing,Total,Total,American Indian and Alaska Native,66,"363,808"
325,Chemical manufacturing,Total,Total,Asian,539,"4,869,998"
325,Chemical manufacturing,Total,Total,Native Hawaiian and Other Pacific Islander,S,S
325,Chemical manufacturing,Classifiable,Classifiable,Classifiable,"8,187","98,226,884"
325,Chemical manufacturing,Unclassifiable,Unclassifiable,Unclassifiable,"1,645","622,125,305"
326,Plastics and rubber products manufacturing,Total,Total,Total,"9,369","234,446,891"
326,Plastics and rubber products manufacturing,Female,Total,Total,"1,070","9,834,854"
326,Plastics and rubber products manufacturing,Male,Total,Total,"6,190","79,022,907"
326,Plastics and rubber products manufacturing,Total,Hispanic,Total,303,"1,157,118"
326,Plastics and rubber products manufacturing,Total,Equally Hispanic/non-Hispanic,Total,S,S
326,Plastics and rubber products manufacturing,Total,Non-Hispanic,Total,"7,904","93,593,801"
326,Plastics and rubber products manufacturing,Total,Total,White,"7,900","88,034,703"
326,Plastics and rubber products manufacturing,Total,Total,Black or African American,65,"340,461"
326,Plastics and rubber products manufacturing,Total,Total,American Indian and Alaska Native,15,"51,093"
326,Plastics and rubber products manufacturing,Total,Total,Asian,253,"5,947,252"
326,Plastics and rubber products manufacturing,Total,Total,Native Hawaiian and Other Pacific Islander,5,"6,578"
326,Plastics and rubber products manufacturing,Classifiable,Classifiable,Classifiable,"8,256","94,896,922"
326,Plastics and rubber products manufacturing,Unclassifiable,Unclassifiable,Unclassifiable,"1,113","139,549,969"
327,Nonmetallic mineral product manufacturing,Total,Total,Total,"9,423","130,058,237"
327,Nonmetallic mineral product manufacturing,Female,Total,Total,"1,222","6,155,626"
327,Nonmetallic mineral product manufacturing,Male,Total,Total,"6,264","45,375,703"
327,Nonmetallic mineral product manufacturing,Total,Hispanic,Total,357,"1,179,453"
327,Nonmetallic mineral product manufacturing,Total,Equally Hispanic/non-Hispanic,Total,89,"64,509"
327,Nonmetallic mineral product manufacturing,Total,Non-Hispanic,Total,"8,399","54,080,359"
327,Nonmetallic mineral product manufacturing,Total,Total,White,"8,596","54,583,854"
327,Nonmetallic mineral product manufacturing,Total,Total,Black or African American,S,S
327,Nonmetallic mineral product manufacturing,Total,Total,American Indian and Alaska Native,52,"110,651"
327,Nonmetallic mineral product manufacturing,Total,Total,Asian,176,"436,695"
327,Nonmetallic mineral product manufacturing,Total,Total,Native Hawaiian and Other Pacific Islander,S,S
327,Nonmetallic mineral product manufacturing,Classifiable,Classifiable,Classifiable,"8,845","55,324,322"
327,Nonmetallic mineral product manufacturing,Unclassifiable,Unclassifiable,Unclassifiable,578,"74,733,915"
331,Primary metal manufacturing,Total,Total,Total,"3,262","224,530,089"
331,Primary metal manufacturing,Female,Total,Total,307,"3,254,968"
331,Primary metal manufacturing,Male,Total,Total,"2,002","42,507,148"
331,Primary metal manufacturing,Total,Hispanic,Total,82,"401,537"
331,Primary metal manufacturing,Total,Equally Hispanic/non-Hispanic,Total,S,S
331,Primary metal manufacturing,Total,Non-Hispanic,Total,"2,556","49,097,905"
331,Primary metal manufacturing,Total,Total,White,"2,567","48,961,477"
331,Primary metal manufacturing,Total,Total,Black or African American,10,"43,185"
331,Primary metal manufacturing,Total,Total,American Indian and Alaska Native,7,"68,606"
331,Primary metal manufacturing,Total,Total,Asian,52,"323,115"
331,Primary metal manufacturing,Classifiable,Classifiable,Classifiable,"2,640","49,503,362"
331,Primary metal manufacturing,Unclassifiable,Unclassifiable,Unclassifiable,622,"175,026,726"
332,Fabricated metal product manufacturing,Total,Total,Total,"50,412","344,138,433"
332,Fabricated metal product manufacturing,Female,Total,Total,"5,539","20,065,686"
332,Fabricated metal product manufacturing,Male,Total,Total,"36,196","140,039,573"
332,Fabricated metal product manufacturing,Total,Hispanic,Total,"1,861","3,147,817"
332,Fabricated metal product manufacturing,Total,Equally Hispanic/non-Hispanic,Total,344,"839,711"
332,Fabricated metal product manufacturing,Total,Non-Hispanic,Total,"46,166","172,358,907"
332,Fabricated metal product manufacturing,Total,Total,White,"46,735","172,064,782"
332,Fabricated metal product manufacturing,Total,Total,Black or African American,198,"293,863"
332,Fabricated metal product manufacturing,Total,Total,American Indian and Alaska Native,191,"427,090"
332,Fabricated metal product manufacturing,Total,Total,Asian,"1,249","3,532,003"
332,Fabricated metal product manufacturing,Total,Total,Native Hawaiian and Other Pacific Islander,S,S
332,Fabricated metal product manufacturing,Classifiable,Classifiable,Classifiable,"48,370","176,346,435"
332,Fabricated metal product manufacturing,Unclassifiable,Unclassifiable,Unclassifiable,"2,041","167,791,998"
333,Machinery manufacturing,Total,Total,Total,"20,870","360,707,871"
333,Machinery manufacturing,Female,Total,Total,"1,906","11,817,276"
333,Machinery manufacturing,Male,Total,Total,"14,841","94,105,823"
333,Machinery manufacturing,Total,Hispanic,Total,392,"1,104,363"
333,Machinery manufacturing,Total,Equally Hispanic/non-Hispanic,Total,S,S
333,Machinery manufacturing,Total,Non-Hispanic,Total,"18,304","110,961,106"
333,Machinery manufacturing,Total,Total,White,"18,276","109,614,461"
333,Machinery manufacturing,Total,Total,Black or African American,45,"82,264"
333,Machinery manufacturing,Total,Total,American Indian and Alaska Native,68,"285,262"
333,Machinery manufacturing,Total,Total,Asian,401,"2,312,337"
333,Machinery manufacturing,Total,Total,Native Hawaiian and Other Pacific Islander,S,S
333,Machinery manufacturing,Classifiable,Classifiable,Classifiable,"18,780","112,372,061"
333,Machinery manufacturing,Unclassifiable,Unclassifiable,Unclassifiable,"2,090","248,335,810"
334,Computer and electronic product manufacturing,Total,Total,Total,"11,088","314,649,357"
334,Computer and electronic product manufacturing,Female,Total,Total,"1,076","6,189,117"
334,Computer and electronic product manufacturing,Male,Total,Total,"7,586","52,474,974"
334,Computer and electronic product manufacturing,Total,Hispanic,Total,294,"1,076,094"
334,Computer and electronic product manufacturing,Total,Equally Hispanic/non-Hispanic,Total,56,"311,371"
334,Computer and electronic product manufacturing,Total,Non-Hispanic,Total,"9,322","64,334,649"
334,Computer and electronic product manufacturing,Total,Total,White,"8,570","55,639,776"
334,Computer and electronic product manufacturing,Total,Total,Black or African American,39,"75,159"
334,Computer and electronic product manufacturing,Total,Total,American Indian and Alaska Native,18,"42,689"
334,Computer and electronic product manufacturing,Total,Total,Asian,995,"9,854,847"
334,Computer and electronic product manufacturing,Total,Total,Native Hawaiian and Other Pacific Islander,10,"12,388"
334,Computer and electronic product manufacturing,Classifiable,Classifiable,Classifiable,"9,673","65,722,114"
334,Computer and electronic product manufacturing,Unclassifiable,Unclassifiable,Unclassifiable,"1,415","248,927,243"
335,"Electrical equipment, appliance, and component manufacturing",Total,Total,Total,"4,904","124,335,276"
335,"Electrical equipment, appliance, and component manufacturing",Female,Total,Total,626,"4,384,669"
335,"Electrical equipment, appliance, and component manufacturing",Male,Total,Total,"3,210","31,870,024"
335,"Electrical equipment, appliance, and component manufacturing",Total,Hispanic,Total,108,"302,050"
335,"Electrical equipment, appliance, and component manufacturing",Total,Equally Hispanic/non-Hispanic,Total,4,"9,108"
335,"Electrical equipment, appliance, and component manufacturing",Total,Non-Hispanic,Total,"4,141","37,621,781"
335,"Electrical equipment, appliance, and component manufacturing",Total,Total,White,"3,983","36,509,913"
335,"Electrical equipment, appliance, and component manufacturing",Total,Total,Black or African American,21,"128,598"
335,"Electrical equipment, appliance, and component manufacturing",Total,Total,American Indian and Alaska Native,4,"304,336"
335,"Electrical equipment, appliance, and component manufacturing",Total,Total,Asian,231,"1,297,519"
335,"Electrical equipment, appliance, and component manufacturing",Total,Total,Native Hawaiian and Other Pacific Islander,3,"12,604"
335,"Electrical equipment, appliance, and component manufacturing",Classifiable,Classifiable,Classifiable,"4,253","37,932,938"
335,"Electrical equipment, appliance, and component manufacturing",Unclassifiable,Unclassifiable,Unclassifiable,652,"86,402,338"
336,Transportation equipment manufacturing,Total,Total,Total,"9,512","956,127,809"
336,Transportation equipment manufacturing,Female,Total,Total,905,"10,453,374"
336,Transportation equipment manufacturing,Male,Total,Total,"6,157","76,253,548"
336,Transportation equipment manufacturing,Total,Hispanic,Total,287,"1,306,155"
336,Transportation equipment manufacturing,Total,Equally Hispanic/non-Hispanic,Total,50,"270,018"
336,Transportation equipment manufacturing,Total,Non-Hispanic,Total,"8,014","92,250,431"
336,Transportation equipment manufacturing,Total,Total,White,"8,028","85,777,146"
336,Transportation equipment manufacturing,Total,Total,Black or African American,70,"3,845,599"
336,Transportation equipment manufacturing,Total,Total,American Indian and Alaska Native,26,"257,282"
336,Transportation equipment manufacturing,Total,Total,Asian,247,"3,385,929"
336,Transportation equipment manufacturing,Total,Total,Native Hawaiian and Other Pacific Islander,13,"112,893"
336,Transportation equipment manufacturing,Classifiable,Classifiable,Classifiable,"8,350","93,826,605"
336,Transportation equipment manufacturing,Unclassifiable,Unclassifiable,Unclassifiable,"1,161","862,301,205"
337,Furniture and related product manufacturing,Total,Total,Total,"14,047","73,737,373"
337,Furniture and related product manufacturing,Female,Total,Total,"1,295","3,287,955"
337,Furniture and related product manufacturing,Male,Total,Total,"9,990","34,164,732"
337,Furniture and related product manufacturing,Total,Hispanic,Total,660,"1,209,526"
337,Furniture and related product manufacturing,Total,Equally Hispanic/non-Hispanic,Total,183,"140,269"
337,Furniture and related product manufacturing,Total,Non-Hispanic,Total,"12,845","40,446,935"
337,Furniture and related product manufacturing,Total,Total,White,"13,337","41,116,064"
337,Furniture and related product manufacturing,Total,Total,Black or African American,S,S
337,Furniture and related product manufacturing,Total,Total,American Indian and Alaska Native,33,"78,748"
337,Furniture and related product manufacturing,Total,Total,Asian,235,"567,169"
337,Furniture and related product manufacturing,Total,Total,Native Hawaiian and Other Pacific Islander,12,"7,439"
337,Furniture and related product manufacturing,Classifiable,Classifiable,Classifiable,"13,688","41,796,729"
337,Furniture and related product manufacturing,Unclassifiable,Unclassifiable,Unclassifiable,358,"31,940,643"
339,Miscellaneous manufacturing,Total,Total,Total,"26,675","148,506,997"
339,Miscellaneous manufacturing,Female,Total,Total,"4,309","5,325,736"
339,Miscellaneous manufacturing,Male,Total,Total,"16,804","44,401,355"
339,Miscellaneous manufacturing,Total,Hispanic,Total,"1,080","881,104"
339,Miscellaneous manufacturing,Total,Equally Hispanic/non-Hispanic,Total,350,"315,403"
339,Miscellaneous manufacturing,Total,Non-Hispanic,Total,"24,273","54,335,542"
339,Miscellaneous manufacturing,Total,Total,White,"23,649","53,243,658"
339,Miscellaneous manufacturing,Total,Total,Black or African American,216,"325,268"
339,Miscellaneous manufacturing,Total,Total,American Indian and Alaska Native,S,S
339,Miscellaneous manufacturing,Total,Total,Asian,"1,784","1,850,213"
339,Miscellaneous manufacturing,Total,Total,Native Hawaiian and Other Pacific Islander,7,"11,748"
339,Miscellaneous manufacturing,Classifiable,Classifiable,Classifiable,"25,704","55,532,049"
339,Miscellaneous manufacturing,Unclassifiable,Unclassifiable,Unclassifiable,972,"92,974,948"
423,"Merchant wholesalers, durable goods",Total,Total,Total,"168,976","3,620,438,840"
423,"Merchant wholesalers, durable goods",Female,Total,Total,"22,628","133,438,113"
423,"Merchant wholesalers, durable goods",Male,Total,Total,"113,357","899,337,492"
423,"Merchant wholesalers, durable goods",Total,Hispanic,Total,"8,895","29,450,533"
423,"Merchant wholesalers, durable goods",Total,Equally Hispanic/non-Hispanic,Total,"1,269","3,215,003"
423,"Merchant wholesalers, durable goods",Total,Non-Hispanic,Total,"148,816","1,095,016,747"
423,"Merchant wholesalers, durable goods",Total,Total,White,"139,317","1,023,818,299"
423,"Merchant wholesalers, durable goods",Total,Total,Black or African American,"1,039","5,517,978"
423,"Merchant wholesalers, durable goods",Total,Total,American Indian and Alaska Native,500,"2,410,007"
423,"Merchant wholesalers, durable goods",Total,Total,Asian,"17,999","90,271,467"
423,"Merchant wholesalers, durable goods",Total,Total,Native Hawaiian and Other Pacific Islander,82,"155,126"
423,"Merchant wholesalers, durable goods",Classifiable,Classifiable,Classifiable,"158,980","1,127,682,283"
423,"Merchant wholesalers, durable goods",Unclassifiable,Unclassifiable,Unclassifiable,"9,996","2,492,756,558"
424,"Merchant wholesalers, nondurable goods",Total,Total,Total,"99,590","4,301,538,027"
424,"Merchant wholesalers, nondurable goods",Female,Total,Total,"14,698","96,561,293"
424,"Merchant wholesalers, nondurable goods",Male,Total,Total,"64,183","914,687,980"
424,"Merchant wholesalers, nondurable goods",Total,Hispanic,Total,"5,531","37,311,098"
424,"Merchant wholesalers, nondurable goods",Total,Equally Hispanic/non-Hispanic,Total,"1,031","7,153,821"
424,"Merchant wholesalers, nondurable goods",Total,Non-Hispanic,Total,"87,072","1,054,521,656"
424,"Merchant wholesalers, nondurable goods",Total,Total,White,"76,524","1,001,264,217"
424,"Merchant wholesalers, nondurable goods",Total,Total,Black or African American,739,"4,635,018"
424,"Merchant wholesalers, nondurable goods",Total,Total,American Indian and Alaska Native,174,"1,634,687"
424,"Merchant wholesalers, nondurable goods",Total,Total,Asian,"15,764","89,549,443"
424,"Merchant wholesalers, nondurable goods",Total,Total,Native Hawaiian and Other Pacific Islander,49,"70,459"
424,"Merchant wholesalers, nondurable goods",Classifiable,Classifiable,Classifiable,"93,633","1,098,986,575"
424,"Merchant wholesalers, nondurable goods",Unclassifiable,Unclassifiable,Unclassifiable,"5,957","3,202,551,452"
425,Wholesale electronic markets and agents and brokers,Total,Total,Total,"36,251","691,406,243"
425,Wholesale electronic markets and agents and brokers,Female,Total,Total,"4,761","26,398,471"
425,Wholesale electronic markets and agents and brokers,Male,Total,Total,"26,058","403,214,148"
425,Wholesale electronic markets and agents and brokers,Total,Hispanic,Total,"1,349","15,919,277"
425,Wholesale electronic markets and agents and brokers,Total,Equally Hispanic/non-Hispanic,Total,S,S
425,Wholesale electronic markets and agents and brokers,Total,Non-Hispanic,Total,"33,997","446,208,932"
425,Wholesale electronic markets and agents and brokers,Total,Total,White,"33,027","445,913,807"
425,Wholesale electronic markets and agents and brokers,Total,Total,Black or African American,S,S
425,Wholesale electronic markets and agents and brokers,Total,Total,American Indian and Alaska Native,S,S
425,Wholesale electronic markets and agents and brokers,Total,Total,Asian,"2,274","13,191,964"
425,Wholesale electronic markets and agents and brokers,Total,Total,Native Hawaiian and Other Pacific Islander,6,"38,565"
425,Wholesale electronic markets and agents and brokers,Classifiable,Classifiable,Classifiable,"35,604","464,860,098"
425,Wholesale electronic markets and agents and brokers,Unclassifiable,Unclassifiable,Unclassifiable,647,"226,546,145"
441,Motor vehicle and parts dealers,Total,Total,Total,"80,682","1,174,660,628"
441,Motor vehicle and parts dealers,Female,Total,Total,"6,671","69,431,074"
441,Motor vehicle and parts dealers,Male,Total,Total,"60,003","822,510,119"
441,Motor vehicle and parts dealers,Total,Hispanic,Total,"4,979","28,603,089"
441,Motor vehicle and parts dealers,Total,Equally Hispanic/non-Hispanic,Total,483,"6,813,511"
441,Motor vehicle and parts dealers,Total,Non-Hispanic,Total,"73,936","917,103,475"
441,Motor vehicle and parts dealers,Total,Total,White,"76,148","928,648,501"
441,Motor vehicle and parts dealers,Total,Total,Black or African American,903,"8,869,313"
441,Motor vehicle and parts dealers,Total,Total,American Indian and Alaska Native,S,S
441,Motor vehicle and parts dealers,Total,Total,Asian,"2,246","13,075,356"
441,Motor vehicle and parts dealers,Total,Total,Native Hawaiian and Other Pacific Islander,43,"373,004"
441,Motor vehicle and parts dealers,Classifiable,Classifiable,Classifiable,"79,398","952,520,075"
441,Motor vehicle and parts dealers,Unclassifiable,Unclassifiable,Unclassifiable,"1,284","222,140,553"
442,Furniture and home furnishings stores,Total,Total,Total,"32,632","111,884,456"
442,Furniture and home furnishings stores,Female,Total,Total,"7,071","8,024,614"
442,Furniture and home furnishings stores,Male,Total,Total,"17,998","44,379,819"
442,Furniture and home furnishings stores,Total,Hispanic,Total,"1,317","1,686,387"
442,Furniture and home furnishings stores,Total,Equally Hispanic/non-Hispanic,Total,354,"518,175"
442,Furniture and home furnishings stores,Total,Non-Hispanic,Total,"30,509","60,751,715"
442,Furniture and home furnishings stores,Total,Total,White,"30,280","60,783,745"
442,Furniture and home furnishings stores,Total,Total,Black or African American,220,"118,060"
442,Furniture and home furnishings stores,Total,Total,American Indian and Alaska Native,75,"186,722"
442,Furniture and home furnishings stores,Total,Total,Asian,"1,584","1,959,714"
442,Furniture and home furnishings stores,Total,Total,Native Hawaiian and Other Pacific Islander,22,"14,874"
442,Furniture and home furnishings stores,Classifiable,Classifiable,Classifiable,"32,181","62,956,277"
442,Furniture and home furnishings stores,Unclassifiable,Unclassifiable,Unclassifiable,452,"48,928,179"
443,Electronics and appliance stores,Total,Total,Total,"19,487","89,751,351"
443,Electronics and appliance stores,Female,Total,Total,"2,673","3,097,223"
443,Electronics and appliance stores,Male,Total,Total,"13,580","25,854,184"
443,Electronics and appliance stores,Total,Hispanic,Total,"1,113","1,160,442"
443,Electronics and appliance stores,Total,Equally Hispanic/non-Hispanic,Total,148,"117,879"
443,Electronics and appliance stores,Total,Non-Hispanic,Total,"18,030","31,538,306"
443,Electronics and appliance stores,Total,Total,White,"15,807","29,349,856"
443,Electronics and appliance stores,Total,Total,Black or African American,286,"283,617"
443,Electronics and appliance stores,Total,Total,American Indian and Alaska Native,63,"29,283"
443,Electronics and appliance stores,Total,Total,Asian,"3,103","3,201,869"
443,Electronics and appliance stores,Total,Total,Native Hawaiian and Other Pacific Islander,18,"16,029"
443,Electronics and appliance stores,Classifiable,Classifiable,Classifiable,"19,292","32,816,626"
443,Electronics and appliance stores,Unclassifiable,Unclassifiable,Unclassifiable,195,"56,934,724"
444,Building material and garden equipment and supplies dealers,Total,Total,Total,"49,796","358,656,343"
444,Building material and garden equipment and supplies dealers,Female,Total,Total,"6,387","22,951,777"
444,Building material and garden equipment and supplies dealers,Male,Total,Total,"31,800","109,616,618"
444,Building material and garden equipment and supplies dealers,Total,Hispanic,Total,"1,740","3,336,441"
444,Building material and garden equipment and supplies dealers,Total,Equally Hispanic/non-Hispanic,Total,270,"569,828"
444,Building material and garden equipment and supplies dealers,Total,Non-Hispanic,Total,"46,685","149,182,907"
444,Building material and garden equipment and supplies dealers,Total,Total,White,"46,858","150,029,654"
444,Building material and garden equipment and supplies dealers,Total,Total,Black or African American,104,"152,468"
444,Building material and garden equipment and supplies dealers,Total,Total,American Indian and Alaska Native,206,"499,002"
444,Building material and garden equipment and supplies dealers,Total,Total,Asian,"1,540","2,548,662"
444,Building material and garden equipment and supplies dealers,Total,Total,Native Hawaiian and Other Pacific Islander,14,"21,349"
444,Building material and garden equipment and supplies dealers,Classifiable,Classifiable,Classifiable,"48,694","153,089,176"
444,Building material and garden equipment and supplies dealers,Unclassifiable,Unclassifiable,Unclassifiable,"1,102","205,567,167"
445,Food and beverage stores,Total,Total,Total,"113,767","721,582,468"
445,Food and beverage stores,Female,Total,Total,"20,420","33,486,578"
445,Food and beverage stores,Male,Total,Total,"69,790","211,405,868"
445,Food and beverage stores,Total,Hispanic,Total,"10,624","20,166,491"
445,Food and beverage stores,Total,Equally Hispanic/non-Hispanic,Total,951,"1,288,604"
445,Food and beverage stores,Total,Non-Hispanic,Total,"100,767","259,546,031"
445,Food and beverage stores,Total,Total,White,"72,255","228,512,962"
445,Food and beverage stores,Total,Total,Black or African American,"2,712","2,830,305"
445,Food and beverage stores,Total,Total,American Indian and Alaska Native,307,"430,636"
445,Food and beverage stores,Total,Total,Asian,"36,927","48,917,363"
445,Food and beverage stores,Total,Total,Native Hawaiian and Other Pacific Islander,269,"369,490"
445,Food and beverage stores,Classifiable,Classifiable,Classifiable,"112,342","281,001,126"
445,Food and beverage stores,Unclassifiable,Unclassifiable,Unclassifiable,"1,425","440,581,341"
446,Health and personal care stores,Total,Total,Total,"43,115","311,410,401"
446,Health and personal care stores,Female,Total,Total,"10,451","15,618,748"
446,Health and personal care stores,Male,Total,Total,"24,064","62,930,966"
446,Health and personal care stores,Total,Hispanic,Total,"1,811","2,897,192"
446,Health and personal care stores,Total,Equally Hispanic/non-Hispanic,Total,384,"898,348"
446,Health and personal care stores,Total,Non-Hispanic,Total,"39,983","90,378,099"
446,Health and personal care stores,Total,Total,White,"31,204","73,871,768"
446,Health and personal care stores,Total,Total,Black or African American,"1,276","1,570,456"
446,Health and personal care stores,Total,Total,American Indian and Alaska Native,S,S
446,Health and personal care stores,Total,Total,Asian,"9,340","18,196,444"
446,Health and personal care stores,Total,Total,Native Hawaiian and Other Pacific Islander,46,"43,171"
446,Health and personal care stores,Classifiable,Classifiable,Classifiable,"42,177","94,173,640"
446,Health and personal care stores,Unclassifiable,Unclassifiable,Unclassifiable,937,"217,236,762"
447,Gasoline stations,Total,Total,Total,"65,715","462,833,216"
447,Gasoline stations,Female,Total,Total,"8,328","29,332,324"
447,Gasoline stations,Male,Total,Total,"44,209","206,090,684"
447,Gasoline stations,Total,Hispanic,Total,923,"2,472,131"
447,Gasoline stations,Total,Equally Hispanic/non-Hispanic,Total,305,"1,373,179"
447,Gasoline stations,Total,Non-Hispanic,Total,"63,327","268,215,926"
447,Gasoline stations,Total,Total,White,"36,296","203,388,409"
447,Gasoline stations,Total,Total,Black or African American,811,"1,336,144"
447,Gasoline stations,Total,Total,American Indian and Alaska Native,178,"616,544"
447,Gasoline stations,Total,Total,Asian,"27,086","66,077,101"
447,Gasoline stations,Total,Total,Native Hawaiian and Other Pacific Islander,88,"348,472"
447,Gasoline stations,Classifiable,Classifiable,Classifiable,"64,555","272,061,236"
447,Gasoline stations,Unclassifiable,Unclassifiable,Unclassifiable,"1,160","190,771,979"
448,Clothing and clothing accessories stores,Total,Total,Total,"56,650","254,474,763"
448,Clothing and clothing accessories stores,Female,Total,Total,"21,318","15,147,647"
448,Clothing and clothing accessories stores,Male,Total,Total,"22,072","53,261,977"
448,Clothing and clothing accessories stores,Total,Hispanic,Total,"2,487","1,694,658"
448,Clothing and clothing accessories stores,Total,Equally Hispanic/non-Hispanic,Total,785,"574,306"
448,Clothing and clothing accessories stores,Total,Non-Hispanic,Total,"52,485","78,322,102"
448,Clothing and clothing accessories stores,Total,Total,White,"47,618","71,496,271"
448,Clothing and clothing accessories stores,Total,Total,Black or African American,625,"589,177"
448,Clothing and clothing accessories stores,Total,Total,American Indian and Alaska Native,225,"132,432"
448,Clothing and clothing accessories stores,Total,Total,Asian,"7,234","8,402,465"
448,Clothing and clothing accessories stores,Total,Total,Native Hawaiian and Other Pacific Islander,69,"98,784"
448,Clothing and clothing accessories stores,Classifiable,Classifiable,Classifiable,"55,757","80,591,067"
448,Clothing and clothing accessories stores,Unclassifiable,Unclassifiable,Unclassifiable,892,"173,883,696"
451,"Sporting goods, hobby, musical instrument, and book stores",Total,Total,Total,"30,225","78,919,254"
451,"Sporting goods, hobby, musical instrument, and book stores",Female,Total,Total,"6,040","3,961,076"
451,"Sporting goods, hobby, musical instrument, and book stores",Male,Total,Total,"17,349","24,284,472"
451,"Sporting goods, hobby, musical instrument, and book stores",Total,Hispanic,Total,916,"594,339"
451,"Sporting goods, hobby, musical instrument, and book stores",Total,Equally Hispanic/non-Hispanic,Total,178,"146,229"
451,"Sporting goods, hobby, musical instrument, and book stores",Total,Non-Hispanic,Total,"28,599","32,640,332"
451,"Sporting goods, hobby, musical instrument, and book stores",Total,Total,White,"28,030","31,864,766"
451,"Sporting goods, hobby, musical instrument, and book stores",Total,Total,Black or African American,211,"97,126"
451,"Sporting goods, hobby, musical instrument, and book stores",Total,Total,American Indian and Alaska Native,109,"72,587"
451,"Sporting goods, hobby, musical instrument, and book stores",Total,Total,Asian,"1,252","1,050,990"
451,"Sporting goods, hobby, musical instrument, and book stores",Total,Total,Native Hawaiian and Other Pacific Islander,18,"10,967"
451,"Sporting goods, hobby, musical instrument, and book stores",Classifiable,Classifiable,Classifiable,"29,693","33,380,900"
451,"Sporting goods, hobby, musical instrument, and book stores",Unclassifiable,Unclassifiable,Unclassifiable,532,"45,538,354"
452,General merchandise stores,Total,Total,Total,"7,879","693,978,132"
452,General merchandise stores,Female,Total,Total,"2,064","1,902,156"
452,General merchandise stores,Male,Total,Total,"4,235","15,835,891"
452,General merchandise stores,Total,Hispanic,Total,311,"223,741"
452,General merchandise stores,Total,Equally Hispanic/non-Hispanic,Total,85,"355,902"
452,General merchandise stores,Total,Non-Hispanic,Total,"7,310","18,669,576"
452,General merchandise stores,Total,Total,White,"5,212","18,013,484"
452,General merchandise stores,Total,Total,Black or African American,179,"62,820"
452,General merchandise stores,Total,Total,American Indian and Alaska Native,S,S
452,General merchandise stores,Total,Total,Asian,"2,275","1,167,029"
452,General merchandise stores,Total,Total,Native Hawaiian and Other Pacific Islander,S,S
452,General merchandise stores,Classifiable,Classifiable,Classifiable,"7,706","19,249,218"
452,General merchandise stores,Unclassifiable,Unclassifiable,Unclassifiable,174,"674,728,913"
453,Miscellaneous store retailers,Total,Total,Total,"81,044","109,741,819"
453,Miscellaneous store retailers,Female,Total,Total,"26,809","15,348,405"
453,Miscellaneous store retailers,Male,Total,Total,"34,001","41,009,981"
453,Miscellaneous store retailers,Total,Hispanic,Total,"2,329","1,394,696"
453,Miscellaneous store retailers,Total,Equally Hispanic/non-Hispanic,Total,862,"869,762"
453,Miscellaneous store retailers,Total,Non-Hispanic,Total,"74,967","67,139,334"
453,Miscellaneous store retailers,Total,Total,White,"70,941","64,496,424"
453,Miscellaneous store retailers,Total,Total,Black or African American,621,"345,636"
453,Miscellaneous store retailers,Total,Total,American Indian and Alaska Native,485,"513,812"
453,Miscellaneous store retailers,Total,Total,Asian,"5,999","3,859,866"
453,Miscellaneous store retailers,Total,Total,Native Hawaiian and Other Pacific Islander,114,"74,336"
453,Miscellaneous store retailers,Classifiable,Classifiable,Classifiable,"78,158","69,403,791"
453,Miscellaneous store retailers,Unclassifiable,Unclassifiable,Unclassifiable,"2,886","40,338,028"
454,Nonstore retailers,Total,Total,Total,"70,610","544,036,759"
454,Nonstore retailers,Female,Total,Total,"14,996","28,296,925"
454,Nonstore retailers,Male,Total,Total,"40,487","139,111,130"
454,Nonstore retailers,Total,Hispanic,Total,"2,557","5,652,962"
454,Nonstore retailers,Total,Equally Hispanic/non-Hispanic,Total,604,"832,513"
454,Nonstore retailers,Total,Non-Hispanic,Total,"65,626","182,126,189"
454,Nonstore retailers,Total,Total,White,"61,172","172,213,502"
454,Nonstore retailers,Total,Total,Black or African American,798,"639,483"
454,Nonstore retailers,Total,Total,American Indian and Alaska Native,274,"338,433"
454,Nonstore retailers,Total,Total,Asian,"6,499","13,534,461"
454,Nonstore retailers,Total,Total,Native Hawaiian and Other Pacific Islander,S,S
454,Nonstore retailers,Classifiable,Classifiable,Classifiable,"68,786","188,611,664"
454,Nonstore retailers,Unclassifiable,Unclassifiable,Unclassifiable,"1,823","355,425,094"
481,Air transportation,Total,Total,Total,"2,457","215,235,250"
481,Air transportation,Female,Total,Total,196,"1,511,214"
481,Air transportation,Male,Total,Total,"1,590","19,407,206"
481,Air transportation,Total,Hispanic,Total,S,S
481,Air transportation,Total,Equally Hispanic/non-Hispanic,Total,S,S
481,Air transportation,Total,Non-Hispanic,Total,"1,985","21,779,813"
481,Air transportation,Total,Total,White,"2,020","22,828,030"
481,Air transportation,Total,Total,Black or African American,20,"15,809"
481,Air transportation,Total,Total,American Indian and Alaska Native,33,"322,306"
481,Air transportation,Total,Total,Asian,57,"165,439"
481,Air transportation,Total,Total,Native Hawaiian and Other Pacific Islander,4,"1,927"
481,Air transportation,Classifiable,Classifiable,Classifiable,"2,126","23,329,652"
481,Air transportation,Unclassifiable,Unclassifiable,Unclassifiable,331,"191,905,598"
483,Water transportation,Total,Total,Total,"1,193","43,199,234"
483,Water transportation,Female,Total,Total,151,"1,593,285"
483,Water transportation,Male,Total,Total,753,"24,260,101"
483,Water transportation,Total,Hispanic,Total,40,"43,314"
483,Water transportation,Total,Equally Hispanic/non-Hispanic,Total,11,"44,035"
483,Water transportation,Total,Non-Hispanic,Total,"1,015","26,154,344"
483,Water transportation,Total,Total,White,"1,017","26,045,072"
483,Water transportation,Total,Total,Black or African American,12,"74,108"
483,Water transportation,Total,Total,American Indian and Alaska Native,3,"16,245"
483,Water transportation,Total,Total,Asian,40,"108,723"
483,Water transportation,Total,Total,Native Hawaiian and Other Pacific Islander,S,S
483,Water transportation,Classifiable,Classifiable,Classifiable,"1,066","26,241,693"
483,Water transportation,Unclassifiable,Unclassifiable,Unclassifiable,126,"16,957,541"
484,Truck transportation,Total,Total,Total,"114,457","294,533,387"
484,Truck transportation,Female,Total,Total,"13,463","23,184,729"
484,Truck transportation,Male,Total,Total,"79,722","158,173,316"
484,Truck transportation,Total,Hispanic,Total,"12,358","11,050,697"
484,Truck transportation,Total,Equally Hispanic/non-Hispanic,Total,752,"820,163"
484,Truck transportation,Total,Non-Hispanic,Total,"99,660","192,522,846"
484,Truck transportation,Total,Total,White,"103,537","194,615,594"
484,Truck transportation,Total,Total,Black or African American,"4,311","2,478,632"
484,Truck transportation,Total,Total,American Indian and Alaska Native,553,"1,196,196"
484,Truck transportation,Total,Total,Asian,"4,409","6,459,716"
484,Truck transportation,Total,Total,Native Hawaiian and Other Pacific Islander,207,"174,949"
484,Truck transportation,Classifiable,Classifiable,Classifiable,"112,769","204,393,707"
484,Truck transportation,Unclassifiable,Unclassifiable,Unclassifiable,"1,688","90,139,680"
485,Transit and ground passenger transportation,Total,Total,Total,"17,196","46,839,816"
485,Transit and ground passenger transportation,Female,Total,Total,"3,050","3,623,689"
485,Transit and ground passenger transportation,Male,Total,Total,"10,865","27,364,137"
485,Transit and ground passenger transportation,Total,Hispanic,Total,"1,239","923,331"
485,Transit and ground passenger transportation,Total,Equally Hispanic/non-Hispanic,Total,220,"107,182"
485,Transit and ground passenger transportation,Total,Non-Hispanic,Total,"14,896","31,944,441"
485,Transit and ground passenger transportation,Total,Total,White,"13,268","30,327,888"
485,Transit and ground passenger transportation,Total,Total,Black or African American,"1,558","1,051,741"
485,Transit and ground passenger transportation,Total,Total,American Indian and Alaska Native,56,"34,347"
485,Transit and ground passenger transportation,Total,Total,Asian,"1,498","1,516,290"
485,Transit and ground passenger transportation,Total,Total,Native Hawaiian and Other Pacific Islander,52,"37,652"
485,Transit and ground passenger transportation,Classifiable,Classifiable,Classifiable,"16,355","32,974,954"
485,Transit and ground passenger transportation,Unclassifiable,Unclassifiable,Unclassifiable,841,"13,864,862"
486,Pipeline transportation,Total,Total,Total,242,"45,148,324"
486,Pipeline transportation,Female,Total,Total,14,"93,238"
486,Pipeline transportation,Male,Total,Total,108,"2,616,466"
486,Pipeline transportation,Total,Hispanic,Total,S,S
486,Pipeline transportation,Total,Non-Hispanic,Total,137,"2,739,502"
486,Pipeline transportation,Total,Total,White,134,"2,736,320"
486,Pipeline transportation,Total,Total,Black or African American,S,S
486,Pipeline transportation,Total,Total,Asian,4,"2,890"
486,Pipeline transportation,Classifiable,Classifiable,Classifiable,139,"2,739,655"
486,Pipeline transportation,Unclassifiable,Unclassifiable,Unclassifiable,103,"42,408,669"
487,Scenic and sightseeing transportation,Total,Total,Total,"2,755","4,117,376"
487,Scenic and sightseeing transportation,Female,Total,Total,324,"434,756"
487,Scenic and sightseeing transportation,Male,Total,Total,"1,719","2,456,170"
487,Scenic and sightseeing transportation,Total,Hispanic,Total,100,"71,346"
487,Scenic and sightseeing transportation,Total,Equally Hispanic/non-Hispanic,Total,11,"14,998"
487,Scenic and sightseeing transportation,Total,Non-Hispanic,Total,"2,557","3,281,527"
487,Scenic and sightseeing transportation,Total,Total,White,"2,519","3,174,228"
487,Scenic and sightseeing transportation,Total,Total,Black or African American,25,"16,057"
487,Scenic and sightseeing transportation,Total,Total,American Indian and Alaska Native,12,"45,144"
487,Scenic and sightseeing transportation,Total,Total,Asian,98,"119,119"
487,Scenic and sightseeing transportation,Total,Total,Native Hawaiian and Other Pacific Islander,6,"3,728"
487,Scenic and sightseeing transportation,Classifiable,Classifiable,Classifiable,"2,668","3,367,871"
487,Scenic and sightseeing transportation,Unclassifiable,Unclassifiable,Unclassifiable,86,"749,505"
488,Support activities for transportation,Total,Total,Total,"34,561","132,688,851"
488,Support activities for transportation,Female,Total,Total,"4,728","8,865,621"
488,Support activities for transportation,Male,Total,Total,"22,839","59,524,323"
488,Support activities for transportation,Total,Hispanic,Total,"3,539","4,345,574"
488,Support activities for transportation,Total,Equally Hispanic/non-Hispanic,Total,353,"418,833"
488,Support activities for transportation,Total,Non-Hispanic,Total,"29,026","70,125,180"
488,Support activities for transportation,Total,Total,White,"29,514","67,769,084"
488,Support activities for transportation,Total,Total,Black or African American,621,"520,944"
488,Support activities for transportation,Total,Total,American Indian and Alaska Native,S,S
488,Support activities for transportation,Total,Total,Asian,"2,696","6,321,027"
488,Support activities for transportation,Total,Total,Native Hawaiian and Other Pacific Islander,63,"92,021"
488,Support activities for transportation,Classifiable,Classifiable,Classifiable,"32,918","74,889,587"
488,Support activities for transportation,Unclassifiable,Unclassifiable,Unclassifiable,"1,643","57,799,264"
492,Couriers and messengers,Total,Total,Total,"8,079","90,192,311"
492,Couriers and messengers,Female,Total,Total,"1,118","1,867,632"
492,Couriers and messengers,Male,Total,Total,"5,627","8,319,683"
492,Couriers and messengers,Total,Hispanic,Total,"1,009","800,144"
492,Couriers and messengers,Total,Equally Hispanic/non-Hispanic,Total,97,"126,447"
492,Couriers and messengers,Total,Non-Hispanic,Total,"6,873","10,367,480"
492,Couriers and messengers,Total,Total,White,"6,763","10,226,977"
492,Couriers and messengers,Total,Total,Black or African American,620,"478,400"
492,Couriers and messengers,Total,Total,American Indian and Alaska Native,47,"24,830"
492,Couriers and messengers,Total,Total,Asian,565,"494,784"
492,Couriers and messengers,Total,Total,Native Hawaiian and Other Pacific Islander,15,"10,530"
492,Couriers and messengers,Classifiable,Classifiable,Classifiable,"7,980","11,294,070"
492,Couriers and messengers,Unclassifiable,Unclassifiable,Unclassifiable,99,"78,898,241"
493,Warehousing and storage,Total,Total,Total,"8,211","53,438,919"
493,Warehousing and storage,Female,Total,Total,979,"3,554,233"
493,Warehousing and storage,Male,Total,Total,"4,776","29,666,733"
493,Warehousing and storage,Total,Hispanic,Total,S,S
493,Warehousing and storage,Total,Equally Hispanic/non-Hispanic,Total,33,"54,267"
493,Warehousing and storage,Total,Non-Hispanic,Total,"6,114","33,616,764"
493,Warehousing and storage,Total,Total,White,"6,074","33,721,320"
493,Warehousing and storage,Total,Total,Black or African American,44,"245,622"
493,Warehousing and storage,Total,Total,American Indian and Alaska Native,12,"19,972"
493,Warehousing and storage,Total,Total,Asian,392,"740,118"
493,Warehousing and storage,Total,Total,Native Hawaiian and Other Pacific Islander,S,S
493,Warehousing and storage,Classifiable,Classifiable,Classifiable,"6,525","34,756,325"
493,Warehousing and storage,Unclassifiable,Unclassifiable,Unclassifiable,"1,686","18,682,594"
511,Publishing industries (except internet),Total,Total,Total,"21,580","374,122,239"
511,Publishing industries (except internet),Female,Total,Total,"3,564","8,149,898"
511,Publishing industries (except internet),Male,Total,Total,"12,873","72,482,260"
511,Publishing industries (except internet),Total,Hispanic,Total,403,"2,411,624"
511,Publishing industries (except internet),Total,Equally Hispanic/non-Hispanic,Total,161,"237,184"
511,Publishing industries (except internet),Total,Non-Hispanic,Total,"18,585","82,760,999"
511,Publishing industries (except internet),Total,Total,White,"17,513","80,282,470"
511,Publishing industries (except internet),Total,Total,Black or African American,219,"424,181"
511,Publishing industries (except internet),Total,Total,American Indian and Alaska Native,S,S
511,Publishing industries (except internet),Total,Total,Asian,"1,218","3,715,882"
511,Publishing industries (except internet),Total,Total,Native Hawaiian and Other Pacific Islander,20,"14,938"
511,Publishing industries (except internet),Classifiable,Classifiable,Classifiable,"19,150","85,409,807"
511,Publishing industries (except internet),Unclassifiable,Unclassifiable,Unclassifiable,"2,430","288,712,432"
512,Motion picture and sound recording industries,Total,Total,Total,"22,518","108,549,857"
512,Motion picture and sound recording industries,Female,Total,Total,"3,231","4,095,294"
512,Motion picture and sound recording industries,Male,Total,Total,"14,975","22,496,154"
512,Motion picture and sound recording industries,Total,Hispanic,Total,797,"830,206"
512,Motion picture and sound recording industries,Total,Equally Hispanic/non-Hispanic,Total,309,"227,007"
512,Motion picture and sound recording industries,Total,Non-Hispanic,Total,"20,255","28,750,925"
512,Motion picture and sound recording industries,Total,Total,White,"20,074","28,764,842"
512,Motion picture and sound recording industries,Total,Total,Black or African American,455,"341,123"
512,Motion picture and sound recording industries,Total,Total,American Indian and Alaska Native,S,S
512,Motion picture and sound recording industries,Total,Total,Asian,823,"572,467"
512,Motion picture and sound recording industries,Total,Total,Native Hawaiian and Other Pacific Islander,38,"14,278"
512,Motion picture and sound recording industries,Classifiable,Classifiable,Classifiable,"21,362","29,808,138"
512,Motion picture and sound recording industries,Unclassifiable,Unclassifiable,Unclassifiable,"1,157","78,741,719"
515,Broadcasting (except internet),Total,Total,Total,"4,491","163,328,815"
515,Broadcasting (except internet),Female,Total,Total,456,"1,090,175"
515,Broadcasting (except internet),Male,Total,Total,"2,442","12,259,010"
515,Broadcasting (except internet),Total,Hispanic,Total,S,S
515,Broadcasting (except internet),Total,Equally Hispanic/non-Hispanic,Total,11,"15,131"
515,Broadcasting (except internet),Total,Non-Hispanic,Total,"3,201","13,515,803"
515,Broadcasting (except internet),Total,Total,White,"3,095","13,185,145"
515,Broadcasting (except internet),Total,Total,Black or African American,141,"576,053"
515,Broadcasting (except internet),Total,Total,American Indian and Alaska Native,14,"38,969"
515,Broadcasting (except internet),Total,Total,Asian,91,"131,728"
515,Broadcasting (except internet),Total,Total,Native Hawaiian and Other Pacific Islander,S,S
515,Broadcasting (except internet),Classifiable,Classifiable,Classifiable,"3,341","13,970,275"
515,Broadcasting (except internet),Unclassifiable,Unclassifiable,Unclassifiable,"1,151","149,358,541"
517,Telecommunications,Total,Total,Total,"10,882","609,211,028"
517,Telecommunications,Female,Total,Total,"1,406","3,590,814"
517,Telecommunications,Male,Total,Total,"7,058","56,914,269"
517,Telecommunications,Total,Hispanic,Total,734,"1,548,934"
517,Telecommunications,Total,Equally Hispanic/non-Hispanic,Total,118,"243,317"
517,Telecommunications,Total,Non-Hispanic,Total,"8,885","63,745,867"
517,Telecommunications,Total,Total,White,"7,909","61,928,395"
517,Telecommunications,Total,Total,Black or African American,145,"189,035"
517,Telecommunications,Total,Total,American Indian and Alaska Native,40,"96,210"
517,Telecommunications,Total,Total,Asian,"1,665","3,438,899"
517,Telecommunications,Total,Total,Native Hawaiian and Other Pacific Islander,6,"24,873"
517,Telecommunications,Classifiable,Classifiable,Classifiable,"9,736","65,538,119"
517,Telecommunications,Unclassifiable,Unclassifiable,Unclassifiable,"1,146","543,672,909"
518,"Data processing, hosting, and related services",Total,Total,Total,"10,876","155,016,189"
518,"Data processing, hosting, and related services",Female,Total,Total,"1,207","4,110,139"
518,"Data processing, hosting, and related services",Male,Total,Total,"7,305","42,135,681"
518,"Data processing, hosting, and related services",Total,Hispanic,Total,250,"587,162"
518,"Data processing, hosting, and related services",Total,Equally Hispanic/non-Hispanic,Total,75,"146,623"
518,"Data processing, hosting, and related services",Total,Non-Hispanic,Total,"9,023","47,263,443"
518,"Data processing, hosting, and related services",Total,Total,White,"8,080","41,077,245"
518,"Data processing, hosting, and related services",Total,Total,Black or African American,121,"387,621"
518,"Data processing, hosting, and related services",Total,Total,American Indian and Alaska Native,23,"41,382"
518,"Data processing, hosting, and related services",Total,Total,Asian,"1,083","6,051,657"
518,"Data processing, hosting, and related services",Total,Total,Native Hawaiian and Other Pacific Islander,8,"5,096"
518,"Data processing, hosting, and related services",Classifiable,Classifiable,Classifiable,"9,349","47,997,228"
518,"Data processing, hosting, and related services",Unclassifiable,Unclassifiable,Unclassifiable,"1,527","107,018,961"
519,Other information services,Total,Total,Total,"9,508","176,680,627"
519,Other information services,Female,Total,Total,"1,228","1,352,251"
519,Other information services,Male,Total,Total,"5,023","37,824,603"
519,Other information services,Total,Hispanic,Total,271,"274,858"
519,Other information services,Total,Equally Hispanic/non-Hispanic,Total,64,"79,483"
519,Other information services,Total,Non-Hispanic,Total,"6,747","40,125,919"
519,Other information services,Total,Total,White,"6,311","37,832,809"
519,Other information services,Total,Total,Black or African American,163,"532,286"
519,Other information services,Total,Total,American Indian and Alaska Native,9,"56,695"
519,Other information services,Total,Total,Asian,654,"2,155,487"
519,Other information services,Total,Total,Native Hawaiian and Other Pacific Islander,3,429
519,Other information services,Classifiable,Classifiable,Classifiable,"7,082","40,480,260"
519,Other information services,Unclassifiable,Unclassifiable,Unclassifiable,"2,426","136,200,366"
522,Credit intermediation and related activities,Total,Total,Total,"38,701","1,278,478,144"
522,Credit intermediation and related activities,Female,Total,Total,"4,541","13,590,601"
522,Credit intermediation and related activities,Male,Total,Total,"20,599","105,357,199"
522,Credit intermediation and related activities,Total,Hispanic,Total,"2,015","3,668,500"
522,Credit intermediation and related activities,Total,Equally Hispanic/non-Hispanic,Total,272,"229,108"
522,Credit intermediation and related activities,Total,Non-Hispanic,Total,"26,345","120,143,283"
522,Credit intermediation and related activities,Total,Total,White,"26,213","119,431,792"
522,Credit intermediation and related activities,Total,Total,Black or African American,417,"804,106"
522,Credit intermediation and related activities,Total,Total,American Indian and Alaska Native,83,"135,944"
522,Credit intermediation and related activities,Total,Total,Asian,"1,963","3,361,737"
522,Credit intermediation and related activities,Total,Total,Native Hawaiian and Other Pacific Islander,S,S
522,Credit intermediation and related activities,Classifiable,Classifiable,Classifiable,"28,632","124,040,892"
522,Credit intermediation and related activities,Unclassifiable,Unclassifiable,Unclassifiable,"10,069","1,154,437,252"
523,"Securities, commodity contracts, and other financial investments and related activities",Total,Total,Total,"63,749","607,358,783"
523,"Securities, commodity contracts, and other financial investments and related activities",Female,Total,Total,"7,659","12,648,272"
523,"Securities, commodity contracts, and other financial investments and related activities",Male,Total,Total,"47,046","127,600,071"
523,"Securities, commodity contracts, and other financial investments and related activities",Total,Hispanic,Total,"1,628","1,434,655"
523,"Securities, commodity contracts, and other financial investments and related activities",Total,Equally Hispanic/non-Hispanic,Total,377,"472,783"
523,"Securities, commodity contracts, and other financial investments and related activities",Total,Non-Hispanic,Total,"58,014","143,734,095"
523,"Securities, commodity contracts, and other financial investments and related activities",Total,Total,White,"56,816","140,723,843"
523,"Securities, commodity contracts, and other financial investments and related activities",Total,Total,Black or African American,562,"564,885"
523,"Securities, commodity contracts, and other financial investments and related activities",Total,Total,American Indian and Alaska Native,161,"96,615"
523,"Securities, commodity contracts, and other financial investments and related activities",Total,Total,Asian,"2,663","3,776,761"
523,"Securities, commodity contracts, and other financial investments and related activities",Total,Total,Native Hawaiian and Other Pacific Islander,S,S
523,"Securities, commodity contracts, and other financial investments and related activities",Classifiable,Classifiable,Classifiable,"60,018","145,641,534"
523,"Securities, commodity contracts, and other financial investments and related activities",Unclassifiable,Unclassifiable,Unclassifiable,"3,731","461,717,248"
524,Insurance carriers and related activities,Total,Total,Total,"137,586","2,323,081,666"
524,Insurance carriers and related activities,Female,Total,Total,"25,983","16,262,749"
524,Insurance carriers and related activities,Male,Total,Total,"93,502","166,491,532"
524,Insurance carriers and related activities,Total,Hispanic,Total,"6,966","4,520,280"
524,Insurance carriers and related activities,Total,Equally Hispanic/non-Hispanic,Total,843,"588,879"
524,Insurance carriers and related activities,Total,Non-Hispanic,Total,"125,303","187,515,798"
524,Insurance carriers and related activities,Total,Total,White,"124,971","186,884,435"
524,Insurance carriers and related activities,Total,Total,Black or African American,"3,663","1,540,221"
524,Insurance carriers and related activities,Total,Total,American Indian and Alaska Native,626,"217,093"
524,Insurance carriers and related activities,Total,Total,Asian,"4,624","3,828,584"
524,Insurance carriers and related activities,Total,Total,Native Hawaiian and Other Pacific Islander,143,"85,622"
524,Insurance carriers and related activities,Classifiable,Classifiable,Classifiable,"133,113","192,624,957"
524,Insurance carriers and related activities,Unclassifiable,Unclassifiable,Unclassifiable,"4,473","2,130,456,709"
531,Real estate,Total,Total,Total,"285,342","475,883,480"
531,Real estate,Female,Total,Total,"66,732","46,846,655"
531,Real estate,Male,Total,Total,"149,569","195,687,196"
531,Real estate,Total,Hispanic,Total,"10,721","5,742,444"
531,Real estate,Total,Equally Hispanic/non-Hispanic,Total,"2,879","1,604,493"
531,Real estate,Total,Non-Hispanic,Total,"256,049","272,812,958"
531,Real estate,Total,Total,White,"251,040","266,685,142"
531,Real estate,Total,Total,Black or African American,"3,240","1,975,403"
531,Real estate,Total,Total,American Indian and Alaska Native,716,"338,979"
531,Real estate,Total,Total,Asian,"14,529","10,566,382"
531,Real estate,Total,Total,Native Hawaiian and Other Pacific Islander,S,S
531,Real estate,Classifiable,Classifiable,Classifiable,"269,649","280,159,895"
531,Real estate,Unclassifiable,Unclassifiable,Unclassifiable,"15,693","195,723,586"
532,Rental and leasing services,Total,Total,Total,"23,527","156,176,222"
532,Rental and leasing services,Female,Total,Total,"3,297","8,706,148"
532,Rental and leasing services,Male,Total,Total,"15,334","45,933,206"
532,Rental and leasing services,Total,Hispanic,Total,"1,025","1,357,695"
532,Rental and leasing services,Total,Equally Hispanic/non-Hispanic,Total,380,"255,204"
532,Rental and leasing services,Total,Non-Hispanic,Total,"21,270","58,184,141"
532,Rental and leasing services,Total,Total,White,"21,573","58,688,914"
532,Rental and leasing services,Total,Total,Black or African American,281,"284,457"
532,Rental and leasing services,Total,Total,American Indian and Alaska Native,112,"146,560"
532,Rental and leasing services,Total,Total,Asian,619,"654,674"
532,Rental and leasing services,Total,Total,Native Hawaiian and Other Pacific Islander,S,S
532,Rental and leasing services,Classifiable,Classifiable,Classifiable,"22,674","59,797,040"
532,Rental and leasing services,Unclassifiable,Unclassifiable,Unclassifiable,853,"96,379,183"
533,Lessors of nonfinancial intangible assets (except copyrighted works),Total,Total,Total,"2,517","46,634,821"
533,Lessors of nonfinancial intangible assets (except copyrighted works),Female,Total,Total,468,"1,039,076"
533,Lessors of nonfinancial intangible assets (except copyrighted works),Male,Total,Total,"1,300","4,894,862"
533,Lessors of nonfinancial intangible assets (except copyrighted works),Total,Hispanic,Total,33,"74,604"
533,Lessors of nonfinancial intangible assets (except copyrighted works),Total,Equally Hispanic/non-Hispanic,Total,S,S
533,Lessors of nonfinancial intangible assets (except copyrighted works),Total,Non-Hispanic,Total,"2,093","6,547,147"
533,Lessors of nonfinancial intangible assets (except copyrighted works),Total,Total,White,"2,017","6,366,080"
533,Lessors of nonfinancial intangible assets (except copyrighted works),Total,Total,Black or African American,26,"20,472"
533,Lessors of nonfinancial intangible assets (except copyrighted works),Total,Total,American Indian and Alaska Native,5,661
533,Lessors of nonfinancial intangible assets (except copyrighted works),Total,Total,Asian,100,"257,853"
533,Lessors of nonfinancial intangible assets (except copyrighted works),Classifiable,Classifiable,Classifiable,"2,150","6,646,659"
533,Lessors of nonfinancial intangible assets (except copyrighted works),Unclassifiable,Unclassifiable,Unclassifiable,367,"39,988,162"
541,"Professional, scientific, and technical services",Total,Total,Total,"817,365","1,953,119,573"
541,"Professional, scientific, and technical services",Female,Total,Total,"185,641","145,621,096"
541,"Professional, scientific, and technical services",Male,Total,Total,"521,391","713,222,972"
541,"Professional, scientific, and technical services",Total,Hispanic,Total,"34,288","29,514,634"
541,"Professional, scientific, and technical services",Total,Equally Hispanic/non-Hispanic,Total,"5,943","5,146,710"
541,"Professional, scientific, and technical services",Total,Non-Hispanic,Total,"753,992","888,036,606"
541,"Professional, scientific, and technical services",Total,Total,White,"714,248","819,917,744"
541,"Professional, scientific, and technical services",Total,Total,Black or African American,"16,391","14,787,184"
541,"Professional, scientific, and technical services",Total,Total,American Indian and Alaska Native,"4,139","4,800,227"
541,"Professional, scientific, and technical services",Total,Total,Asian,"60,907","81,592,941"
541,"Professional, scientific, and technical services",Total,Total,Native Hawaiian and Other Pacific Islander,971,"957,403"
541,"Professional, scientific, and technical services",Classifiable,Classifiable,Classifiable,"794,223","922,697,950"
541,"Professional, scientific, and technical services",Unclassifiable,Unclassifiable,Unclassifiable,"23,142","1,030,421,623"
551,Management of companies and enterprises,Total,Total,Total,"29,783","188,059,582"
551,Management of companies and enterprises,Female,Total,Total,"2,427","7,719,818"
551,Management of companies and enterprises,Male,Total,Total,"13,442","51,095,232"
551,Management of companies and enterprises,Total,Hispanic,Total,371,"1,787,740"
551,Management of companies and enterprises,Total,Equally Hispanic/non-Hispanic,Total,77,"157,429"
551,Management of companies and enterprises,Total,Non-Hispanic,Total,"17,351","61,849,393"
551,Management of companies and enterprises,Total,Total,White,"16,870","60,198,441"
551,Management of companies and enterprises,Total,Total,Black or African American,186,"397,780"
551,Management of companies and enterprises,Total,Total,American Indian and Alaska Native,50,"462,017"
551,Management of companies and enterprises,Total,Total,Asian,653,"2,645,966"
551,Management of companies and enterprises,Total,Total,Native Hawaiian and Other Pacific Islander,23,"30,982"
551,Management of companies and enterprises,Classifiable,Classifiable,Classifiable,"17,799","63,794,562"
551,Management of companies and enterprises,Unclassifiable,Unclassifiable,Unclassifiable,"11,984","124,265,020"
561,Administrative and support services,Total,Total,Total,"332,264","857,798,597"
561,Administrative and support services,Female,Total,Total,"66,703","86,230,501"
561,Administrative and support services,Male,Total,Total,"204,304","322,511,828"
561,Administrative and support services,Total,Hispanic,Total,"29,585","26,388,638"
561,Administrative and support services,Total,Equally Hispanic/non-Hispanic,Total,"3,736","3,386,995"
561,Administrative and support services,Total,Non-Hispanic,Total,"287,040","424,696,292"
561,Administrative and support services,Total,Total,White,"296,729","419,739,951"
561,Administrative and support services,Total,Total,Black or African American,"9,852","10,273,978"
561,Administrative and support services,Total,Total,American Indian and Alaska Native,"1,689","1,519,519"
561,Administrative and support services,Total,Total,Asian,"11,875","22,220,200"
561,Administrative and support services,Total,Total,Native Hawaiian and Other Pacific Islander,590,"406,531"
561,Administrative and support services,Classifiable,Classifiable,Classifiable,"320,361","454,471,926"
561,Administrative and support services,Unclassifiable,Unclassifiable,Unclassifiable,"11,903","403,326,672"
562,Waste management and remediation services,Total,Total,Total,"18,348","99,137,985"
562,Waste management and remediation services,Female,Total,Total,"2,740","7,148,702"
562,Waste management and remediation services,Male,Total,Total,"12,175","46,006,332"
562,Waste management and remediation services,Total,Hispanic,Total,895,"1,668,941"
562,Waste management and remediation services,Total,Equally Hispanic/non-Hispanic,Total,125,"365,642"
562,Waste management and remediation services,Total,Non-Hispanic,Total,"16,733","57,189,771"
562,Waste management and remediation services,Total,Total,White,"17,141","57,565,369"
562,Waste management and remediation services,Total,Total,Black or African American,284,"718,553"
562,Waste management and remediation services,Total,Total,American Indian and Alaska Native,75,"244,913"
562,Waste management and remediation services,Total,Total,Asian,259,"853,941"
562,Waste management and remediation services,Total,Total,Native Hawaiian and Other Pacific Islander,19,"64,327"
562,Waste management and remediation services,Classifiable,Classifiable,Classifiable,"17,752","59,224,354"
562,Waste management and remediation services,Unclassifiable,Unclassifiable,Unclassifiable,596,"39,913,631"
611,Educational services,Total,Total,Total,"92,813","222,502,548"
611,Educational services,Female,Total,Total,"25,746","12,498,643"
611,Educational services,Male,Total,Total,"25,278","21,657,690"
611,Educational services,Total,Hispanic,Total,"2,600","1,793,713"
611,Educational services,Total,Equally Hispanic/non-Hispanic,Total,858,"479,562"
611,Educational services,Total,Non-Hispanic,Total,"59,712","38,207,989"
611,Educational services,Total,Total,White,"54,184","35,936,601"
611,Educational services,Total,Total,Black or African American,"1,830","712,173"
611,Educational services,Total,Total,American Indian and Alaska Native,328,"90,968"
611,Educational services,Total,Total,Asian,"6,887","3,533,265"
611,Educational services,Total,Total,Native Hawaiian and Other Pacific Islander,S,S
611,Educational services,Classifiable,Classifiable,Classifiable,"63,170","40,481,264"
611,Educational services,Unclassifiable,Unclassifiable,Unclassifiable,"29,643","182,021,284"
621,Ambulatory health care services,Total,Total,Total,"487,365","1,025,692,279"
621,Ambulatory health care services,Female,Total,Total,"127,262","97,903,491"
621,Ambulatory health care services,Male,Total,Total,"298,782","371,201,332"
621,Ambulatory health care services,Total,Hispanic,Total,"23,502","18,833,780"
621,Ambulatory health care services,Total,Equally Hispanic/non-Hispanic,Total,"3,306","3,907,357"
621,Ambulatory health care services,Total,Non-Hispanic,Total,"442,730","493,344,614"
621,Ambulatory health care services,Total,Total,White,"379,621","432,407,972"
621,Ambulatory health care services,Total,Total,Black or African American,"19,873","16,158,966"
621,Ambulatory health care services,Total,Total,American Indian and Alaska Native,"1,902","1,269,425"
621,Ambulatory health care services,Total,Total,Asian,"66,537","59,555,632"
621,Ambulatory health care services,Total,Total,Native Hawaiian and Other Pacific Islander,465,"206,137"
621,Ambulatory health care services,Classifiable,Classifiable,Classifiable,"469,538","516,085,750"
621,Ambulatory health care services,Unclassifiable,Unclassifiable,Unclassifiable,"17,827","509,606,529"
622,Hospitals,Total,Total,Total,"1,810","824,302,171"
622,Hospitals,Female,Total,Total,20,"681,478"
622,Hospitals,Male,Total,Total,237,"17,429,218"
622,Hospitals,Total,Hispanic,Total,18,"551,506"
622,Hospitals,Total,Equally Hispanic/non-Hispanic,Total,5,"39,975"
622,Hospitals,Total,Non-Hispanic,Total,257,"18,003,568"
622,Hospitals,Total,Total,White,242,"17,644,416"
622,Hospitals,Total,Total,Black or African American,8,"61,963"
622,Hospitals,Total,Total,Asian,23,"1,054,510"
622,Hospitals,Classifiable,Classifiable,Classifiable,280,"18,595,049"
622,Hospitals,Unclassifiable,Unclassifiable,Unclassifiable,"1,530","805,707,122"
623,Nursing and residential care facilities,Total,Total,Total,"40,063","235,177,152"
623,Nursing and residential care facilities,Female,Total,Total,"10,670","15,833,202"
623,Nursing and residential care facilities,Male,Total,Total,"11,313","66,334,323"
623,Nursing and residential care facilities,Total,Hispanic,Total,987,"988,755"
623,Nursing and residential care facilities,Total,Equally Hispanic/non-Hispanic,Total,241,"423,474"
623,Nursing and residential care facilities,Total,Non-Hispanic,Total,"28,136","95,610,165"
623,Nursing and residential care facilities,Total,Total,White,"21,458","87,909,719"
623,Nursing and residential care facilities,Total,Total,Black or African American,"3,175","2,917,784"
623,Nursing and residential care facilities,Total,Total,American Indian and Alaska Native,98,"114,131"
623,Nursing and residential care facilities,Total,Total,Asian,"4,009","5,240,447"
623,Nursing and residential care facilities,Total,Total,Native Hawaiian and Other Pacific Islander,S,S
623,Nursing and residential care facilities,Classifiable,Classifiable,Classifiable,"29,364","97,022,394"
623,Nursing and residential care facilities,Unclassifiable,Unclassifiable,Unclassifiable,"10,698","138,154,758"
624,Social assistance,Total,Total,Total,"135,326","187,245,795"
624,Social assistance,Female,Total,Total,"54,362","23,079,861"
624,Social assistance,Male,Total,Total,"17,590","13,702,206"
624,Social assistance,Total,Hispanic,Total,"6,739","3,229,580"
624,Social assistance,Total,Equally Hispanic/non-Hispanic,Total,987,"714,299"
624,Social assistance,Total,Non-Hispanic,Total,"80,754","44,361,956"
624,Social assistance,Total,Total,White,"66,553","39,290,972"
624,Social assistance,Total,Total,Black or African American,"16,678","5,332,049"
624,Social assistance,Total,Total,American Indian and Alaska Native,605,"227,236"
624,Social assistance,Total,Total,Asian,"4,785","3,286,731"
624,Social assistance,Total,Total,Native Hawaiian and Other Pacific Islander,117,"45,789"
624,Social assistance,Classifiable,Classifiable,Classifiable,"88,480","48,305,835"
624,Social assistance,Unclassifiable,Unclassifiable,Unclassifiable,"46,846","138,939,960"
711,"Performing arts, spectator sports, and related industries",Total,Total,Total,"53,036","117,346,375"
711,"Performing arts, spectator sports, and related industries",Female,Total,Total,"11,000","10,784,661"
711,"Performing arts, spectator sports, and related industries",Male,Total,Total,"27,754","49,588,082"
711,"Performing arts, spectator sports, and related industries",Total,Hispanic,Total,"1,627","1,163,028"
711,"Performing arts, spectator sports, and related industries",Total,Equally Hispanic/non-Hispanic,Total,268,"140,469"
711,"Performing arts, spectator sports, and related industries",Total,Non-Hispanic,Total,"43,260","65,252,151"
711,"Performing arts, spectator sports, and related industries",Total,Total,White,"42,108","62,781,756"
711,"Performing arts, spectator sports, and related industries",Total,Total,Black or African American,"1,795","2,109,199"
711,"Performing arts, spectator sports, and related industries",Total,Total,American Indian and Alaska Native,235,"462,702"
711,"Performing arts, spectator sports, and related industries",Total,Total,Asian,"1,290","1,152,060"
711,"Performing arts, spectator sports, and related industries",Total,Total,Native Hawaiian and Other Pacific Islander,69,"126,460"
711,"Performing arts, spectator sports, and related industries",Classifiable,Classifiable,Classifiable,"45,155","66,555,647"
711,"Performing arts, spectator sports, and related industries",Unclassifiable,Unclassifiable,Unclassifiable,"7,880","50,790,728"
712,"Museums, historical sites, and similar institutions",Total,Total,Total,"7,005","19,225,386"
712,"Museums, historical sites, and similar institutions",Female,Total,Total,171,"133,782"
712,"Museums, historical sites, and similar institutions",Male,Total,Total,438,"639,030"
712,"Museums, historical sites, and similar institutions",Total,Hispanic,Total,S,S
712,"Museums, historical sites, and similar institutions",Total,Equally Hispanic/non-Hispanic,Total,14,"9,943"
712,"Museums, historical sites, and similar institutions",Total,Non-Hispanic,Total,753,"895,651"
712,"Museums, historical sites, and similar institutions",Total,Total,White,736,"878,348"
712,"Museums, historical sites, and similar institutions",Total,Total,Black or African American,8,"3,852"
712,"Museums, historical sites, and similar institutions",Total,Total,American Indian and Alaska Native,S,S
712,"Museums, historical sites, and similar institutions",Total,Total,Asian,27,"21,252"
712,"Museums, historical sites, and similar institutions",Total,Total,Native Hawaiian and Other Pacific Islander,S,S
712,"Museums, historical sites, and similar institutions",Classifiable,Classifiable,Classifiable,774,"907,285"
712,"Museums, historical sites, and similar institutions",Unclassifiable,Unclassifiable,Unclassifiable,"6,232","18,318,101"
713,"Amusement, gambling, and recreation industries",Total,Total,Total,"69,082","117,729,738"
713,"Amusement, gambling, and recreation industries",Female,Total,Total,"11,023","6,600,222"
713,"Amusement, gambling, and recreation industries",Male,Total,Total,"31,450","35,703,641"
713,"Amusement, gambling, and recreation industries",Total,Hispanic,Total,"1,396","810,991"
713,"Amusement, gambling, and recreation industries",Total,Equally Hispanic/non-Hispanic,Total,633,"312,067"
713,"Amusement, gambling, and recreation industries",Total,Non-Hispanic,Total,"52,505","48,618,657"
713,"Amusement, gambling, and recreation industries",Total,Total,White,"51,703","47,860,653"
713,"Amusement, gambling, and recreation industries",Total,Total,Black or African American,725,"237,834"
713,"Amusement, gambling, and recreation industries",Total,Total,American Indian and Alaska Native,237,"184,033"
713,"Amusement, gambling, and recreation industries",Total,Total,Asian,"1,737","1,329,089"
713,"Amusement, gambling, and recreation industries",Total,Total,Native Hawaiian and Other Pacific Islander,59,"21,153"
713,"Amusement, gambling, and recreation industries",Classifiable,Classifiable,Classifiable,"54,534","49,741,715"
713,"Amusement, gambling, and recreation industries",Unclassifiable,Unclassifiable,Unclassifiable,"14,548","67,988,023"
721,Accommodation,Total,Total,Total,"55,832","235,372,055"
721,Accommodation,Female,Total,Total,"7,797","11,852,714"
721,Accommodation,Male,Total,Total,"28,719","77,489,002"
721,Accommodation,Total,Hispanic,Total,408,"1,083,055"
721,Accommodation,Total,Equally Hispanic/non-Hispanic,Total,439,"324,690"
721,Accommodation,Total,Non-Hispanic,Total,"49,799","106,972,295"
721,Accommodation,Total,Total,White,"27,173","78,841,703"
721,Accommodation,Total,Total,Black or African American,269,"553,636"
721,Accommodation,Total,Total,American Indian and Alaska Native,106,"184,024"
721,Accommodation,Total,Total,Asian,"22,904","28,698,154"
721,Accommodation,Total,Total,Native Hawaiian and Other Pacific Islander,28,"14,294"
721,Accommodation,Classifiable,Classifiable,Classifiable,"50,645","108,380,040"
721,Accommodation,Unclassifiable,Unclassifiable,Unclassifiable,"5,187","126,992,015"
722,Food services and drinking places,Total,Total,Total,"477,698","682,505,994"
722,Food services and drinking places,Female,Total,Total,"103,552","78,934,793"
722,Food services and drinking places,Male,Total,Total,"271,590","350,448,323"
722,Food services and drinking places,Total,Hispanic,Total,"41,410","36,913,254"
722,Food services and drinking places,Total,Equally Hispanic/non-Hispanic,Total,"6,297","6,807,075"
722,Food services and drinking places,Total,Non-Hispanic,Total,"423,058","476,733,957"
722,Food services and drinking places,Total,Total,White,"349,897","421,898,869"
722,Food services and drinking places,Total,Total,Black or African American,"7,223","8,678,075"
722,Food services and drinking places,Total,Total,American Indian and Alaska Native,"1,692","1,652,431"
722,Food services and drinking places,Total,Total,Asian,"109,823","85,586,211"
722,Food services and drinking places,Total,Total,Native Hawaiian and Other Pacific Islander,565,"558,722"
722,Food services and drinking places,Classifiable,Classifiable,Classifiable,"470,765","520,454,287"
722,Food services and drinking places,Unclassifiable,Unclassifiable,Unclassifiable,"6,933","162,051,707"
811,Repair and maintenance,Total,Total,Total,"198,607","184,763,698"
811,Repair and maintenance,Female,Total,Total,"15,810","12,262,669"
811,Repair and maintenance,Male,Total,Total,"144,924","115,538,345"
811,Repair and maintenance,Total,Hispanic,Total,"15,269","7,540,169"
811,Repair and maintenance,Total,Equally Hispanic/non-Hispanic,Total,"2,070","1,325,444"
811,Repair and maintenance,Total,Non-Hispanic,Total,"179,431","142,158,883"
811,Repair and maintenance,Total,Total,White,"184,306","144,341,749"
811,Repair and maintenance,Total,Total,Black or African American,"2,622","949,539"
811,Repair and maintenance,Total,Total,American Indian and Alaska Native,683,"472,930"
811,Repair and maintenance,Total,Total,Asian,"9,447","5,286,577"
811,Repair and maintenance,Total,Total,Native Hawaiian and Other Pacific Islander,241,"125,694"
811,Repair and maintenance,Classifiable,Classifiable,Classifiable,"196,771","151,024,496"
811,Repair and maintenance,Unclassifiable,Unclassifiable,Unclassifiable,"1,836","33,739,202"
812,Personal and laundry services,Total,Total,Total,"196,526","111,424,380"
812,Personal and laundry services,Female,Total,Total,"91,307","25,764,074"
812,Personal and laundry services,Male,Total,Total,"66,351","39,627,043"
812,Personal and laundry services,Total,Hispanic,Total,"9,948","2,765,397"
812,Personal and laundry services,Total,Equally Hispanic/non-Hispanic,Total,"2,253","984,208"
812,Personal and laundry services,Total,Non-Hispanic,Total,"179,720","76,514,763"
812,Personal and laundry services,Total,Total,White,"136,642","64,515,109"
812,Personal and laundry services,Total,Total,Black or African American,"5,691","2,008,043"
812,Personal and laundry services,Total,Total,American Indian and Alaska Native,652,"214,178"
812,Personal and laundry services,Total,Total,Asian,"48,405","12,899,365"
812,Personal and laundry services,Total,Total,Native Hawaiian and Other Pacific Islander,179,"41,241"
812,Personal and laundry services,Classifiable,Classifiable,Classifiable,"191,921","80,264,368"
812,Personal and laundry services,Unclassifiable,Unclassifiable,Unclassifiable,"4,604","31,160,013"